Code,Type,At,Email-ID,Email-Backoffice-ID,Event-ID,From Folder,To Folder,Scrolled To,URL,Link Text
45,created,2024-01-11T15:09:42.688Z,,,,,,,,
45,code-used,2024-01-12T13:18:10.556Z,,,,,,,,
45,started,2024-01-12T13:18:12.753Z,,,,,,,,
45,email-moved,2024-01-12T13:18:19.922Z,51279cbd-f540-43e7-9cb9-141bce70bf3a,[Invitation] 2024 Event / Elementor,b374be6a-b7c9-4c28-bc7f-e97f5fd86e88,,No Phishing,,,
45,email-moved,2024-01-12T13:18:20.695Z,6d747b0c-db25-422e-bf8a-b086598fa8b5,â€žHÃ¶hle der LÃ¶wenâ€œ System macht Deutsche BÃ¼rger reich! / â€žHÃ¶hle der LÃ¶wenâ€œ,036b389f-385b-41cf-9ddb-dbe33a0c5b71,,Phishing/Spam,,,
45,email-moved,2024-01-12T13:18:22.317Z,1c8c0658-e07c-4e75-b937-ed63eacd931d,"ðŸŽ„ Merry Christmas, plus a service deadline announcement ðŸŒ² / Felix from AISLER",04999f77-b690-463e-bc78-a2f60fdf108a,,Phishing/Spam,,,
45,email-moved,2024-01-12T13:18:24.435Z,7151dfb6-230d-4b42-98b9-97a718729be0,[Release] AI-Powered Container Creation / Elementor,78a53d96-084b-413d-88d5-e1040eac3a54,,Phishing/Spam,,,
45,email-moved,2024-01-12T13:18:25.383Z,725412e9-b72f-4498-a7ba-efe8b198b1cc,"Besonderes Highlight: TischfuÃŸballtisch fÃ¼r nur 399,- statt 1199,- / Sport und Spiel",009270e4-9ff5-4e66-b057-5b48e245245b,,,,,
45,email-moved,2024-01-12T13:18:26.357Z,71a4f455-3f0a-4e98-b764-4ab7787fb800,BITTE ES IST DRINGEND / Didelet Andy,b3745394-6869-4c1b-891f-25ba9395e7f8,,No Phishing,,,
45,email-moved,2024-01-12T13:18:27.203Z,e1badf4b-6013-4840-a14e-50df8b96d59b,Access to the mzh-team-luhbots group was granted | ProjGIT / Projekt GitLab,7e6bb4a6-31b3-4a65-87be-dd42afadced0,,No Phishing,,,
45,email-moved,2024-01-12T13:18:29.540Z,e86540aa-8aae-4f1e-b4bf-652ba06bd57b,Drei wichtige Vorteile des Budgetmanagements / Amazon Business,f7d7f78f-9f54-4632-a573-ab6b9cefa9a0,,Phishing/Spam,,,
09,created,2024-01-11T15:09:42.737Z,,,,,,,,
09,code-used,2024-01-12T13:38:46.204Z,,,,,,,,
09,started,2024-01-12T13:40:56.614Z,,,,,,,,
09,email-view,2024-01-12T13:40:57.385Z,6d747b0c-db25-422e-bf8a-b086598fa8b5,â€žHÃ¶hle der LÃ¶wenâ€œ System macht Deutsche BÃ¼rger reich! / â€žHÃ¶hle der LÃ¶wenâ€œ,6e7117cf-150d-4669-b9f8-e89a2372fccf,,,,,
09,email-moved,2024-01-12T13:41:00.104Z,6d747b0c-db25-422e-bf8a-b086598fa8b5,â€žHÃ¶hle der LÃ¶wenâ€œ System macht Deutsche BÃ¼rger reich! / â€žHÃ¶hle der LÃ¶wenâ€œ,2b7a947d-c806-4f3d-825b-cea179bda6c3,,Phishing/Spam,,,
09,email-moved,2024-01-12T13:41:03.655Z,51279cbd-f540-43e7-9cb9-141bce70bf3a,[Invitation] 2024 Event / Elementor,63bc6a38-bd4f-47d9-844c-bdfc834dd96d,,Phishing/Spam,,,
09,email-view,2024-01-12T13:41:05.716Z,7151dfb6-230d-4b42-98b9-97a718729be0,[Release] AI-Powered Container Creation / Elementor,71d30b2c-6bd3-4e39-b623-50fa83e8c023,,,,,
09,email-moved,2024-01-12T13:41:10.450Z,7151dfb6-230d-4b42-98b9-97a718729be0,[Release] AI-Powered Container Creation / Elementor,8039338b-e370-4fb3-8129-e7e3c71fb1ee,,Phishing/Spam,,,
09,email-view,2024-01-12T13:41:11.326Z,1c8c0658-e07c-4e75-b937-ed63eacd931d,"ðŸŽ„ Merry Christmas, plus a service deadline announcement ðŸŒ² / Felix from AISLER",b10ded9c-3ec0-453e-a7f1-1fbb5e88af58,,,,,
09,email-moved,2024-01-12T13:41:14.805Z,1c8c0658-e07c-4e75-b937-ed63eacd931d,"ðŸŽ„ Merry Christmas, plus a service deadline announcement ðŸŒ² / Felix from AISLER",98b3eb32-060f-4c34-b664-5d4893f22f26,,No Phishing,,,
09,email-view,2024-01-12T13:41:16.238Z,dd1b298b-e9bb-4671-a3f2-a31c38eb5c22,A Dramatic Leap in Performance / Elementor,7cefc337-267a-4c3c-b33f-24d363c902c2,,,,,
09,email-moved,2024-01-12T13:41:23.205Z,dd1b298b-e9bb-4671-a3f2-a31c38eb5c22,A Dramatic Leap in Performance / Elementor,0224aa51-c8e9-497f-b478-661a0aa9b52c,,No Phishing,,,
09,email-view,2024-01-12T13:41:24.197Z,e1badf4b-6013-4840-a14e-50df8b96d59b,Access to the mzh-team-luhbots group was granted | ProjGIT / Projekt GitLab,cdc162ed-c8de-4e62-b29f-e963a5652bd3,,,,,
09,email-moved,2024-01-12T13:41:27.133Z,e1badf4b-6013-4840-a14e-50df8b96d59b,Access to the mzh-team-luhbots group was granted | ProjGIT / Projekt GitLab,b58b9926-4b72-4c02-bfe5-b55cb757b9f0,,Phishing/Spam,,,
09,email-view,2024-01-12T13:41:28.222Z,725412e9-b72f-4498-a7ba-efe8b198b1cc,"Besonderes Highlight: TischfuÃŸballtisch fÃ¼r nur 399,- statt 1199,- / Sport und Spiel",a3058d36-1e2d-41e2-aa4d-c17d2a78f35a,,,,,
09,email-moved,2024-01-12T13:41:34.849Z,725412e9-b72f-4498-a7ba-efe8b198b1cc,"Besonderes Highlight: TischfuÃŸballtisch fÃ¼r nur 399,- statt 1199,- / Sport und Spiel",34cd3287-dcde-4884-95ea-8f95d27287a2,,No Phishing,,,
09,email-view,2024-01-12T13:41:35.595Z,71a4f455-3f0a-4e98-b764-4ab7787fb800,BITTE ES IST DRINGEND / Didelet Andy,bd6536a1-bf12-4353-8e53-364d070544fe,,,,,
09,email-moved,2024-01-12T13:41:37.399Z,71a4f455-3f0a-4e98-b764-4ab7787fb800,BITTE ES IST DRINGEND / Didelet Andy,f5c125d3-0776-4236-9728-58721f8c72e7,,Phishing/Spam,,,
09,email-view,2024-01-12T13:41:38.240Z,f5e5ebfd-6d0c-4c3b-b69a-075bc600b34c,Bitte Reagieren! / DKBOnline,aadd6d08-575a-4b87-aef8-f5ce02a926c7,,,,,
09,email-moved,2024-01-12T13:41:40.665Z,f5e5ebfd-6d0c-4c3b-b69a-075bc600b34c,Bitte Reagieren! / DKBOnline,7b4ba6f6-2de7-4854-be58-6ec563ed5af4,,Phishing/Spam,,,
09,email-view,2024-01-12T13:41:41.487Z,c98a4fc5-ea1a-45f9-a747-7a69d61e87bf,"Dank der Karte, die einen hohen Kreditrahmen besitzt, haben Sie keine Geldsorgen mehr - freundliche Empfehlung von Manfred / Hermann Kerner",094d87cb-737e-47b8-b262-eeef7fc13978,,,,,
09,email-scrolled,2024-01-12T13:41:46.979Z,c98a4fc5-ea1a-45f9-a747-7a69d61e87bf,"Dank der Karte, die einen hohen Kreditrahmen besitzt, haben Sie keine Geldsorgen mehr - freundliche Empfehlung von Manfred / Hermann Kerner",f0195274-31f5-4290-aec8-1a8e3280b671,,,1,,
09,email-scrolled,2024-01-12T13:41:48.634Z,c98a4fc5-ea1a-45f9-a747-7a69d61e87bf,"Dank der Karte, die einen hohen Kreditrahmen besitzt, haben Sie keine Geldsorgen mehr - freundliche Empfehlung von Manfred / Hermann Kerner",aebd94dd-7677-4073-8132-23bd43538c50,,,0,,
09,email-moved,2024-01-12T13:41:50.864Z,c98a4fc5-ea1a-45f9-a747-7a69d61e87bf,"Dank der Karte, die einen hohen Kreditrahmen besitzt, haben Sie keine Geldsorgen mehr - freundliche Empfehlung von Manfred / Hermann Kerner",28e1bc46-8e76-4aa1-b011-eae97030cf38,,Phishing/Spam,,,
09,email-view,2024-01-12T13:41:51.975Z,c0500e63-932a-49d6-a643-fe544f04293f,Dating fÃ¼r Sex zu Weihnachten in Deutschland / Dating in Deutschland,dbcb9530-392a-4a07-9827-70011055fcf7,,,,,
09,email-moved,2024-01-12T13:41:59.225Z,c0500e63-932a-49d6-a643-fe544f04293f,Dating fÃ¼r Sex zu Weihnachten in Deutschland / Dating in Deutschland,cf15743f-e54d-4bc0-b071-61ef6bc22aad,,No Phishing,,,
09,email-view,2024-01-12T13:42:01.184Z,e67df235-9906-4000-83bf-a378ba7ba4b0,Dein Kontoeinblick fÃ¼r November 2022 / Instagram Business,567ac3ce-d5e9-4261-83aa-9595d671cda2,,,,,
09,email-moved,2024-01-12T13:42:05.497Z,e67df235-9906-4000-83bf-a378ba7ba4b0,Dein Kontoeinblick fÃ¼r November 2022 / Instagram Business,4a760e74-672a-4792-8e65-8ee7139b37f3,,Phishing/Spam,,,
09,email-view,2024-01-12T13:42:06.229Z,7e135194-c7f9-499f-a627-7fe6f79c19b9,Dein Video wurde erneut gepostet / Instagram,4d473ef2-d09a-448d-855c-e598fbecd022,,,,,
09,email-moved,2024-01-12T13:42:12.689Z,7e135194-c7f9-499f-a627-7fe6f79c19b9,Dein Video wurde erneut gepostet / Instagram,69a6bc2a-38fd-4760-98cb-7bf95b720a28,,Phishing/Spam,,,
09,email-view,2024-01-12T13:42:13.302Z,5926e967-0d95-4666-8611-fd86e2029163,"Der einfachste Weg, um Strom zu sparen / E-Energy",ac8f09a5-85bc-472b-891e-892f3145d8a9,,,,,
09,email-moved,2024-01-12T13:42:15.399Z,5926e967-0d95-4666-8611-fd86e2029163,"Der einfachste Weg, um Strom zu sparen / E-Energy",403712a6-4401-4af9-85e4-1916bd069a3e,,No Phishing,,,
09,email-view,2024-01-12T13:42:16.209Z,82ec5ecf-c04e-4bc0-b329-4979066130de,Der Gewinn kann in wenigen Monaten um das 10-fache gesteigert werden... / BTC Profit,74773090-5b00-44f0-a1ad-0cb47b50dc87,,,,,
09,email-moved,2024-01-12T13:42:19.870Z,82ec5ecf-c04e-4bc0-b329-4979066130de,Der Gewinn kann in wenigen Monaten um das 10-fache gesteigert werden... / BTC Profit,420b4d0b-4839-45f8-b9a5-287c8af6b604,,No Phishing,,,
09,email-view,2024-01-12T13:42:21.843Z,4d7dd618-1aeb-4b99-ae4b-09f7aae40552,"Hondrox â€” ist das erste Mittel mit Teufelskrallenextrakte, Arnika fÃ¼r die Wiederherstellung der Knorpel in den Gelenken / Hondrox",925f712a-5191-430c-833e-bfd2c77dbde7,,,,,
09,email-moved,2024-01-12T13:42:25.089Z,4d7dd618-1aeb-4b99-ae4b-09f7aae40552,"Hondrox â€” ist das erste Mittel mit Teufelskrallenextrakte, Arnika fÃ¼r die Wiederherstellung der Knorpel in den Gelenken / Hondrox",783aa621-74e6-440f-b3f4-e08920f97c7e,,No Phishing,,,
09,email-view,2024-01-12T13:42:25.805Z,885cbb50-10cd-412d-9bef-c0cc806677de,Ihr sofort genehmigter Kredit ist Ihr 3-faches monatliches Einkommen oder monatlicher Bruttoumsatz auf unserer Karte / Bernhard Eheim,d7a4e8e3-92b4-493e-b3b4-0b63f00e90e8,,,,,
09,email-moved,2024-01-12T13:42:30.137Z,885cbb50-10cd-412d-9bef-c0cc806677de,Ihr sofort genehmigter Kredit ist Ihr 3-faches monatliches Einkommen oder monatlicher Bruttoumsatz auf unserer Karte / Bernhard Eheim,c1366f60-ffdf-4a5b-b818-7b56acef2990,,Phishing/Spam,,,
09,email-view,2024-01-12T13:42:30.865Z,6be04247-3771-461e-a72f-05e777d93974,Derzeit offene Rechnungen / Internetagentur WAS,f858b78b-a654-4024-a85e-ab5becafeb4e,,,,,
09,email-moved,2024-01-12T13:42:33.925Z,6be04247-3771-461e-a72f-05e777d93974,Derzeit offene Rechnungen / Internetagentur WAS,38ade8e4-cbdd-4bae-b1d6-f2bec9b08210,,Phishing/Spam,,,
09,email-view,2024-01-12T13:42:34.613Z,dbdec964-2699-4009-b883-ab251078f66b,Deutsche Instagram Follower Kaufen / Hallo von Followermonster,a4296c43-a18c-4bcd-b793-15672b3589c0,,,,,
09,email-moved,2024-01-12T13:42:37.459Z,dbdec964-2699-4009-b883-ab251078f66b,Deutsche Instagram Follower Kaufen / Hallo von Followermonster,c3fd40b2-a334-47db-9c14-a09bc91d264e,,No Phishing,,,
09,email-view,2024-01-12T13:42:39.159Z,22e3b053-fea6-46f2-8c0a-a7db008bbd58,Deutsche Social Media Reichweite Kaufen / Hallo von Fanheros,41a0c412-955d-4ffd-8200-dd772387dbf9,,,,,
09,email-moved,2024-01-12T13:42:45.583Z,22e3b053-fea6-46f2-8c0a-a7db008bbd58,Deutsche Social Media Reichweite Kaufen / Hallo von Fanheros,8bb29ec3-a1f5-450a-97c7-3f19169477c2,,No Phishing,,,
09,email-view,2024-01-12T13:42:46.299Z,7f360d53-e153-4a81-bc3f-931980ea82d6,Die Karte ist sofort einsetzbar und besitzt einen hohen Kreditrahmen / Barbara Kaiser,123ec9ed-e766-41c2-bfcc-ee5d17e50bc4,,,,,
09,email-moved,2024-01-12T13:42:48.580Z,7f360d53-e153-4a81-bc3f-931980ea82d6,Die Karte ist sofort einsetzbar und besitzt einen hohen Kreditrahmen / Barbara Kaiser,614cfbea-02bd-4679-b11c-b88bd365bdfc,,Phishing/Spam,,,
09,email-view,2024-01-12T13:42:49.141Z,e86540aa-8aae-4f1e-b4bf-652ba06bd57b,Drei wichtige Vorteile des Budgetmanagements / Amazon Business,6d882ec0-e70c-41f0-a677-ab47394775b0,,,,,
09,email-moved,2024-01-12T13:42:52.644Z,e86540aa-8aae-4f1e-b4bf-652ba06bd57b,Drei wichtige Vorteile des Budgetmanagements / Amazon Business,85b214bc-c044-41e7-bfc5-c23a4611e4bf,,No Phishing,,,
09,email-view,2024-01-12T13:42:53.593Z,a61af59d-1860-424b-a276-c4cbe99a9ad9,Effektive Behandlung von HÃ¤morrhoiden in jedem Stadium / Gelarex,48dccc48-1621-4006-93aa-2a2186f16144,,,,,
09,email-moved,2024-01-12T13:42:58.254Z,a61af59d-1860-424b-a276-c4cbe99a9ad9,Effektive Behandlung von HÃ¤morrhoiden in jedem Stadium / Gelarex,6b91fa71-54ff-4bca-82c4-44bd1f0eb1d4,,No Phishing,,,
09,email-view,2024-01-12T13:42:58.992Z,465bb289-d84a-426e-964c-2d7ba0aa1a56,Ersteinzahlungsbonus +100 Freispiele / Freispiele,5cbb1d6a-e785-4366-ac39-e776e41a3585,,,,,
09,email-moved,2024-01-12T13:43:01.112Z,465bb289-d84a-426e-964c-2d7ba0aa1a56,Ersteinzahlungsbonus +100 Freispiele / Freispiele,055c4bf2-9acf-4183-910f-f29508efcfae,,Phishing/Spam,,,
09,email-view,2024-01-12T13:43:01.967Z,1a2f11cb-71c3-435d-a196-d5e0f10afc40,"FÃ¼ge Personen hinzu, um beim GeschÃ¤ftseinkauf zusammenzuarbeiten / Amazon Business",a8f8177e-445c-49e3-a2c1-ac53327b5584,,,,,
09,email-moved,2024-01-12T13:43:05.653Z,1a2f11cb-71c3-435d-a196-d5e0f10afc40,"FÃ¼ge Personen hinzu, um beim GeschÃ¤ftseinkauf zusammenzuarbeiten / Amazon Business",7c82093d-0ed3-4708-9722-4d9ab6f8ea31,,No Phishing,,,
09,email-view,2024-01-12T13:43:06.677Z,9cdbe8fa-9774-4d0b-9efc-919e085fcb96,GeschÃ¤ftsgeschenke leichter gemacht â€“ mit den Amazon Business Bestellbudgets / Amazon Business,5fab23fb-3194-4b27-b6db-9d83b59c9741,,,,,
09,email-moved,2024-01-12T13:43:10.022Z,9cdbe8fa-9774-4d0b-9efc-919e085fcb96,GeschÃ¤ftsgeschenke leichter gemacht â€“ mit den Amazon Business Bestellbudgets / Amazon Business,f78042ef-6e7d-405a-81c5-c0b767ea73f5,,No Phishing,,,
09,email-view,2024-01-12T13:43:10.592Z,3784e01a-0f49-49c2-bed0-68f4fa21afe9,Gluconol â€“ Doppelschlag auf den Diabetes / Gluconol,c0126ed5-678e-4da6-b198-db64a9ed8af2,,,,,
09,email-moved,2024-01-12T13:43:12.419Z,3784e01a-0f49-49c2-bed0-68f4fa21afe9,Gluconol â€“ Doppelschlag auf den Diabetes / Gluconol,f0d69dab-1249-4af1-a9b2-fa1085efdf7e,,No Phishing,,,
09,email-view,2024-01-12T13:43:13.139Z,c303d06c-9b5e-4dfc-84e2-dd4bdd2e9819,Google-BestÃ¤tigungscode / Google,4bed9b51-a555-42a5-9047-c826ee5bd5f7,,,,,
09,email-moved,2024-01-12T13:43:15.878Z,c303d06c-9b5e-4dfc-84e2-dd4bdd2e9819,Google-BestÃ¤tigungscode / Google,d792e923-c8ec-4746-81d6-faeca9b1c6eb,,Phishing/Spam,,,
09,email-view,2024-01-12T13:43:16.535Z,924b3caf-0ca8-41a8-8bb0-29c6a61611ef,GrÃ¼ÃŸe mein Lieber / Juliet Jonhson,ceaa26fc-032a-445a-821b-449a9c972cd7,,,,,
09,email-moved,2024-01-12T13:43:30.443Z,924b3caf-0ca8-41a8-8bb0-29c6a61611ef,GrÃ¼ÃŸe mein Lieber / Juliet Jonhson,4f00b77f-620a-4d4c-8a15-d8bc1fe6c3a6,,Phishing/Spam,,,
09,email-view,2024-01-12T13:43:31.007Z,cd91937a-a5c5-4d0a-ad04-a1786e2bda6e,Hallo Lieber / elizabeth akah,aa7b6c0a-1985-4a19-87b9-233637369be7,,,,,
09,email-moved,2024-01-12T13:43:34.801Z,cd91937a-a5c5-4d0a-ad04-a1786e2bda6e,Hallo Lieber / elizabeth akah,c5dbad1e-c7ff-4a22-a111-02f43e603a5b,,No Phishing,,,
09,email-view,2024-01-12T13:43:35.463Z,70fab7ec-1133-4ec9-824e-46e640d31302,Haltungskorrektur der Wirbelsaule / BSP Corrector,4069e11d-3aad-4f47-b071-815a8d835bd6,,,,,
09,email-moved,2024-01-12T13:43:40.370Z,70fab7ec-1133-4ec9-824e-46e640d31302,Haltungskorrektur der Wirbelsaule / BSP Corrector,39aa5940-0bf7-439e-a3b3-8a7804488c12,,No Phishing,,,
09,email-view,2024-01-12T13:43:40.906Z,5eaf185f-bedf-4b33-a848-496244774a28,Levicose â€” nanotechnologien schÃ¼tzen die gesundheit und die schÃ¶nheit der venen / Levicose,e1b1ca31-0608-4234-88e3-0041e792b7ac,,,,,
09,email-moved,2024-01-12T13:43:44.906Z,5eaf185f-bedf-4b33-a848-496244774a28,Levicose â€” nanotechnologien schÃ¼tzen die gesundheit und die schÃ¶nheit der venen / Levicose,2cc43c0f-d787-487a-b68d-ce2d4dac37ec,,No Phishing,,,
09,email-view,2024-01-12T13:43:45.558Z,63304844-afaf-4a70-94bd-647e4e6db350,LGBT I NEED YOUR HELP / Aleksandr Kovalenko,0fdde1c4-d3c8-444d-b4b3-2079a9b0f4c6,,,,,
09,email-moved,2024-01-12T13:43:47.714Z,63304844-afaf-4a70-94bd-647e4e6db350,LGBT I NEED YOUR HELP / Aleksandr Kovalenko,57f6b25c-4bae-46d3-ae88-93c579523b24,,Phishing/Spam,,,
09,email-view,2024-01-12T13:43:48.335Z,bdedbf9b-defc-4b2b-9037-c60eba8f9cae,NVIDIA Jetson Orin PCN PCN210341/PCN210361 / Silicon Highway LTD,57b56943-7f06-4dae-bb62-c81f2b036e9e,,,,,
09,email-moved,2024-01-12T13:43:50.855Z,bdedbf9b-defc-4b2b-9037-c60eba8f9cae,NVIDIA Jetson Orin PCN PCN210341/PCN210361 / Silicon Highway LTD,a023f211-de1b-4b3d-a372-df330c7a07a8,,No Phishing,,,
09,email-view,2024-01-12T13:43:51.882Z,fe226b62-cdc6-4d09-a379-df439c5e0380,Payment Due Reminder - RoboCup 2023 / RoboCup Federation,adc0ee4e-35a5-4780-be67-eed751ce35ab,,,,,
09,email-scrolled,2024-01-12T13:44:00.848Z,fe226b62-cdc6-4d09-a379-df439c5e0380,Payment Due Reminder - RoboCup 2023 / RoboCup Federation,1993ef39-1bc6-4332-87ee-53e4a8f85d22,,,0,,
09,email-moved,2024-01-12T13:44:02.410Z,fe226b62-cdc6-4d09-a379-df439c5e0380,Payment Due Reminder - RoboCup 2023 / RoboCup Federation,fb0eca40-a99d-4383-8e88-4bb38fdb6752,,No Phishing,,,
09,email-view,2024-01-12T13:44:03.129Z,403896bd-9011-4832-b990-a0efd84d76ef,Rabatte exklusiv fÃ¼r Unternehmen / Amazon Business,99c23f97-f587-4b58-a237-360603ca9083,,,,,
09,email-moved,2024-01-12T13:44:07.804Z,403896bd-9011-4832-b990-a0efd84d76ef,Rabatte exklusiv fÃ¼r Unternehmen / Amazon Business,59e6d434-57b1-42d0-b584-e226e892f637,,No Phishing,,,
09,email-view,2024-01-12T13:44:08.692Z,017bd32d-4cc2-4e59-9a14-ccbd462b1845,RE / Charls,5c0552cf-9397-44e5-be1a-1b8a2a65f364,,,,,
09,email-moved,2024-01-12T13:44:10.791Z,017bd32d-4cc2-4e59-9a14-ccbd462b1845,RE / Charls,ffe916c1-6f92-4da9-b26c-93801fcad710,,Phishing/Spam,,,
09,email-view,2024-01-12T13:44:11.596Z,de2d30f5-66f1-4c7e-8317-e48ed09ebc06,Rechnung RE2023785 vom 17.04.2023 / Internetagentur WAS,e67d0e23-47aa-47c1-92ee-db4c351812e5,,,,,
09,email-moved,2024-01-12T13:44:13.624Z,de2d30f5-66f1-4c7e-8317-e48ed09ebc06,Rechnung RE2023785 vom 17.04.2023 / Internetagentur WAS,8cb9920d-9462-4f6c-9304-0fa7bbdfb026,,Phishing/Spam,,,
09,email-view,2024-01-12T13:44:14.642Z,2e02935f-1400-4522-ac47-9ae89389d50a,"Reminder - internationale KI-Konferenz ""KI als Innovationsmotor fÃ¼r Europa"" am 24. November 2023 in Mainz / artificial-intelligence",f78703ef-38e6-4bb2-8088-12c3c7688c42,,,,,
09,email-moved,2024-01-12T13:44:21.592Z,2e02935f-1400-4522-ac47-9ae89389d50a,"Reminder - internationale KI-Konferenz ""KI als Innovationsmotor fÃ¼r Europa"" am 24. November 2023 in Mainz / artificial-intelligence",10660695-d8e5-4cf1-82a0-fce036fbb5d5,,No Phishing,,,
09,email-view,2024-01-12T13:44:22.367Z,8bcabadb-82cc-41ad-9bfa-162996ef3888,unbedingt lesen. / Miles & More K artenService,f873053b-20e4-4755-af14-98abd2e2387e,,,,,
09,email-moved,2024-01-12T13:44:25.260Z,8bcabadb-82cc-41ad-9bfa-162996ef3888,unbedingt lesen. / Miles & More K artenService,9d004296-0f81-4810-ae25-31ad6fe1863f,,Phishing/Spam,,,
09,email-view,2024-01-12T13:44:26.306Z,9fdcf400-5371-4d34-8848-5dab4530b2f5,Urgent information: RoboCup 2023 / RoboCup Federation,130120f9-008a-4339-a3d6-986c8e8f321c,,,,,
09,email-moved,2024-01-12T13:44:30.269Z,9fdcf400-5371-4d34-8848-5dab4530b2f5,Urgent information: RoboCup 2023 / RoboCup Federation,1c5ff1ab-7e33-468c-98dc-adb1b4b5fd64,,No Phishing,,,
09,email-view,2024-01-12T13:44:31.040Z,c37c8620-d959-4212-be9a-3725e96d73aa,Verlagere die Beschaffung mit Guided Buying / Amazon Business,6cf1b93e-77dc-49a7-8dde-28acaf20ae4c,,,,,
09,email-moved,2024-01-12T13:44:32.665Z,c37c8620-d959-4212-be9a-3725e96d73aa,Verlagere die Beschaffung mit Guided Buying / Amazon Business,0ad86ddf-61a9-4f37-81e0-172f77bbacfc,,No Phishing,,,
09,email-view,2024-01-12T13:44:34.747Z,36a0d54a-82df-49e9-ba96-3d0c3ca51e0c,"keine Antwort. / ",e04e6d4c-6d30-4c69-bb6f-6ad4d65d270f,,,,,
09,email-moved,2024-01-12T13:45:26.290Z,36a0d54a-82df-49e9-ba96-3d0c3ca51e0c,"keine Antwort. / ",a4dfc015-7676-4c2d-9f5e-923aac0b8128,,Phishing/Spam,,,
09,finished,2024-01-12T13:45:30.215Z,,,,,,,,
09,end-link-clicked,2024-01-12T13:45:32.733Z,,,,,,,,
61,created,2024-01-11T15:09:42.722Z,,,,,,,,
61,code-used,2024-01-12T13:47:19.600Z,,,,,,,,
61,started,2024-01-12T13:48:05.276Z,,,,,,,,
61,email-view,2024-01-12T13:48:17.078Z,7151dfb6-230d-4b42-98b9-97a718729be0,[Release] AI-Powered Container Creation / Elementor,f11151a1-fe11-4ba6-806b-ad9b1e08f028,,,,,
61,email-moved,2024-01-12T13:48:19.270Z,7151dfb6-230d-4b42-98b9-97a718729be0,[Release] AI-Powered Container Creation / Elementor,2f6584f5-e495-45ed-bc23-04f9e0ac34ef,,No Phishing,,,
61,email-view,2024-01-12T13:48:26.024Z,dd1b298b-e9bb-4671-a3f2-a31c38eb5c22,A Dramatic Leap in Performance / Elementor,5769bfcf-fa5a-4237-9b51-2139fb792acd,,,,,
61,email-moved,2024-01-12T13:48:27.878Z,dd1b298b-e9bb-4671-a3f2-a31c38eb5c22,A Dramatic Leap in Performance / Elementor,57d97cf8-5f08-452c-9c36-af8b70a13512,,No Phishing,,,
61,email-view,2024-01-12T13:48:33.067Z,725412e9-b72f-4498-a7ba-efe8b198b1cc,"Besonderes Highlight: TischfuÃŸballtisch fÃ¼r nur 399,- statt 1199,- / Sport und Spiel",c85f035e-e982-40bb-b7d3-bab7b42c52b8,,,,,
61,email-moved,2024-01-12T13:48:34.797Z,725412e9-b72f-4498-a7ba-efe8b198b1cc,"Besonderes Highlight: TischfuÃŸballtisch fÃ¼r nur 399,- statt 1199,- / Sport und Spiel",b53ad6d5-db5c-4096-ad19-19d546d6d664,,Phishing/Spam,,,
61,email-view,2024-01-12T13:49:20.742Z,725412e9-b72f-4498-a7ba-efe8b198b1cc,"Besonderes Highlight: TischfuÃŸballtisch fÃ¼r nur 399,- statt 1199,- / Sport und Spiel",13c29011-6f2d-4bdc-b458-8d6c0eed3e0f,,,,,
61,email-moved,2024-01-12T13:49:28.736Z,725412e9-b72f-4498-a7ba-efe8b198b1cc,"Besonderes Highlight: TischfuÃŸballtisch fÃ¼r nur 399,- statt 1199,- / Sport und Spiel",976f574b-3836-4495-b6a9-87708eef1cb3,Phishing/Spam,No Phishing,,,
61,email-view,2024-01-12T13:48:35.499Z,71a4f455-3f0a-4e98-b764-4ab7787fb800,BITTE ES IST DRINGEND / Didelet Andy,3a0e9a67-200a-4fb3-926f-24573b34a6ed,,,,,
61,email-moved,2024-01-12T13:48:36.754Z,71a4f455-3f0a-4e98-b764-4ab7787fb800,BITTE ES IST DRINGEND / Didelet Andy,ec275827-5a49-4733-a0a3-fcaf6b4b4035,,No Phishing,,,
61,email-view,2024-01-12T13:48:20.014Z,1c8c0658-e07c-4e75-b937-ed63eacd931d,"ðŸŽ„ Merry Christmas, plus a service deadline announcement ðŸŒ² / Felix from AISLER",2c21fec9-38fa-4271-b571-00e0e629b814,,,,,
61,email-moved,2024-01-12T13:48:25.132Z,1c8c0658-e07c-4e75-b937-ed63eacd931d,"ðŸŽ„ Merry Christmas, plus a service deadline announcement ðŸŒ² / Felix from AISLER",a8018ccb-8932-494f-9d01-7df5adcb5b24,,Phishing/Spam,,,
61,email-view,2024-01-12T13:49:18.352Z,1c8c0658-e07c-4e75-b937-ed63eacd931d,"ðŸŽ„ Merry Christmas, plus a service deadline announcement ðŸŒ² / Felix from AISLER",ed407942-f7fe-438c-8bc3-089b224463e2,,,,,
61,email-moved,2024-01-12T13:49:19.951Z,1c8c0658-e07c-4e75-b937-ed63eacd931d,"ðŸŽ„ Merry Christmas, plus a service deadline announcement ðŸŒ² / Felix from AISLER",90ec97ee-4d44-4332-bd8a-c58ba6ee6955,Phishing/Spam,No Phishing,,,
61,email-view,2024-01-12T13:48:07.063Z,6d747b0c-db25-422e-bf8a-b086598fa8b5,â€žHÃ¶hle der LÃ¶wenâ€œ System macht Deutsche BÃ¼rger reich! / â€žHÃ¶hle der LÃ¶wenâ€œ,9a645651-a0a8-412a-91a3-2932f898c108,,,,,
61,email-moved,2024-01-12T13:48:12.961Z,6d747b0c-db25-422e-bf8a-b086598fa8b5,â€žHÃ¶hle der LÃ¶wenâ€œ System macht Deutsche BÃ¼rger reich! / â€žHÃ¶hle der LÃ¶wenâ€œ,4219dc4c-3946-47cd-b9f0-c0a73e18a01d,,No Phishing,,,
61,email-view,2024-01-12T13:48:14.207Z,51279cbd-f540-43e7-9cb9-141bce70bf3a,[Invitation] 2024 Event / Elementor,96f9c06e-cb2b-4df0-985b-485b1ceaa1fc,,,,,
61,email-moved,2024-01-12T13:48:16.271Z,51279cbd-f540-43e7-9cb9-141bce70bf3a,[Invitation] 2024 Event / Elementor,b8af8fb8-0ae5-425b-b721-e5a28ae2e01f,,No Phishing,,,
61,email-view,2024-01-12T13:48:29.192Z,e1badf4b-6013-4840-a14e-50df8b96d59b,Access to the mzh-team-luhbots group was granted | ProjGIT / Projekt GitLab,f058f2c0-49c3-4704-baf4-761bff127d52,,,,,
61,email-moved,2024-01-12T13:48:32.099Z,e1badf4b-6013-4840-a14e-50df8b96d59b,Access to the mzh-team-luhbots group was granted | ProjGIT / Projekt GitLab,3e17d884-d9e5-4239-a862-e99800d2c633,,No Phishing,,,
61,email-moved,2024-01-12T13:48:38.261Z,f5e5ebfd-6d0c-4c3b-b69a-075bc600b34c,Bitte Reagieren! / DKBOnline,b90628e8-e9c9-4714-9edf-707420ded821,,No Phishing,,,
61,email-view,2024-01-12T13:48:42.294Z,c0500e63-932a-49d6-a643-fe544f04293f,Dating fÃ¼r Sex zu Weihnachten in Deutschland / Dating in Deutschland,5bf9e3a0-2b7a-45f4-80a5-73cc22d25ee2,,,,,
61,email-view,2024-01-12T13:48:43.094Z,c0500e63-932a-49d6-a643-fe544f04293f,Dating fÃ¼r Sex zu Weihnachten in Deutschland / Dating in Deutschland,77d25166-0d94-4ece-a652-cac5df4f863f,,,,,
61,email-link-hover,2024-01-12T13:48:50.382Z,c0500e63-932a-49d6-a643-fe544f04293f,Dating fÃ¼r Sex zu Weihnachten in Deutschland / Dating in Deutschland,26214f9a-0a5f-4d0d-902a-a8983955fc27,,,,https://www.wimwim.website/de/,
61,email-moved,2024-01-12T13:48:55.583Z,c0500e63-932a-49d6-a643-fe544f04293f,Dating fÃ¼r Sex zu Weihnachten in Deutschland / Dating in Deutschland,146ba9f8-c99f-425e-9d26-375572b16c5e,,No Phishing,,,
61,email-view,2024-01-12T13:49:01.448Z,5926e967-0d95-4666-8611-fd86e2029163,"Der einfachste Weg, um Strom zu sparen / E-Energy",869e8e9c-8af3-4b2e-aed0-85c8631f2058,,,,,
61,email-moved,2024-01-12T13:49:03.250Z,5926e967-0d95-4666-8611-fd86e2029163,"Der einfachste Weg, um Strom zu sparen / E-Energy",3654ea6f-9725-44ca-9266-89dc010368f1,,No Phishing,,,
61,email-view,2024-01-12T13:49:04.816Z,82ec5ecf-c04e-4bc0-b329-4979066130de,Der Gewinn kann in wenigen Monaten um das 10-fache gesteigert werden... / BTC Profit,771d4545-7993-4a82-b4ea-9b6334bbe543,,,,,
61,email-moved,2024-01-12T13:49:06.408Z,82ec5ecf-c04e-4bc0-b329-4979066130de,Der Gewinn kann in wenigen Monaten um das 10-fache gesteigert werden... / BTC Profit,9812f180-1af5-4a8b-a991-acc7bf4c449b,,Phishing/Spam,,,
61,email-view,2024-01-12T13:49:07.081Z,4d7dd618-1aeb-4b99-ae4b-09f7aae40552,"Hondrox â€” ist das erste Mittel mit Teufelskrallenextrakte, Arnika fÃ¼r die Wiederherstellung der Knorpel in den Gelenken / Hondrox",c51e4be5-3914-43af-878e-f091a605a45b,,,,,
61,email-moved,2024-01-12T13:49:08.433Z,4d7dd618-1aeb-4b99-ae4b-09f7aae40552,"Hondrox â€” ist das erste Mittel mit Teufelskrallenextrakte, Arnika fÃ¼r die Wiederherstellung der Knorpel in den Gelenken / Hondrox",c089173a-8ab8-4008-893e-0598c12774f8,,No Phishing,,,
61,email-view,2024-01-12T13:49:09.001Z,885cbb50-10cd-412d-9bef-c0cc806677de,Ihr sofort genehmigter Kredit ist Ihr 3-faches monatliches Einkommen oder monatlicher Bruttoumsatz auf unserer Karte / Bernhard Eheim,d6d850fb-eec6-4253-9708-a3e986f2cd8d,,,,,
61,email-moved,2024-01-12T13:49:10.927Z,885cbb50-10cd-412d-9bef-c0cc806677de,Ihr sofort genehmigter Kredit ist Ihr 3-faches monatliches Einkommen oder monatlicher Bruttoumsatz auf unserer Karte / Bernhard Eheim,c0f89e4a-9b44-4b95-a27b-1db6dfd28e14,,Phishing/Spam,,,
61,email-view,2024-01-12T13:49:11.869Z,6be04247-3771-461e-a72f-05e777d93974,Derzeit offene Rechnungen / Internetagentur WAS,e89fbe51-e470-4ede-a3a3-5f8122213933,,,,,
61,email-moved,2024-01-12T13:49:13.719Z,6be04247-3771-461e-a72f-05e777d93974,Derzeit offene Rechnungen / Internetagentur WAS,1e36f38d-e3d4-43f2-b9b1-6c7af08007ea,,Phishing/Spam,,,
61,email-view,2024-01-12T13:49:14.320Z,dbdec964-2699-4009-b883-ab251078f66b,Deutsche Instagram Follower Kaufen / Hallo von Followermonster,2e4259a7-7eeb-4137-8397-fd661fef2b3e,,,,,
61,email-moved,2024-01-12T13:49:17.483Z,dbdec964-2699-4009-b883-ab251078f66b,Deutsche Instagram Follower Kaufen / Hallo von Followermonster,63a11967-301a-4d1c-8211-d3e6a7ff403e,,Phishing/Spam,,,
61,email-view,2024-01-12T13:48:38.996Z,c98a4fc5-ea1a-45f9-a747-7a69d61e87bf,"Dank der Karte, die einen hohen Kreditrahmen besitzt, haben Sie keine Geldsorgen mehr - freundliche Empfehlung von Manfred / Hermann Kerner",a0e2f93b-dffa-4b13-bb9c-f1d3057a94ee,,,,,
61,email-moved,2024-01-12T13:48:41.449Z,c98a4fc5-ea1a-45f9-a747-7a69d61e87bf,"Dank der Karte, die einen hohen Kreditrahmen besitzt, haben Sie keine Geldsorgen mehr - freundliche Empfehlung von Manfred / Hermann Kerner",c3238cb8-d717-483f-8ec4-fd3d4e9446fd,,Phishing/Spam,,,
61,email-view,2024-01-12T13:49:29.848Z,c98a4fc5-ea1a-45f9-a747-7a69d61e87bf,"Dank der Karte, die einen hohen Kreditrahmen besitzt, haben Sie keine Geldsorgen mehr - freundliche Empfehlung von Manfred / Hermann Kerner",c5f972de-5c2b-45f0-a76d-e973c02b9ea1,,,,,
61,email-view,2024-01-12T13:48:56.524Z,e67df235-9906-4000-83bf-a378ba7ba4b0,Dein Kontoeinblick fÃ¼r November 2022 / Instagram Business,ec73be8d-9ac0-491f-8e10-e0be4db5c9f3,,,,,
61,email-moved,2024-01-12T13:48:58.681Z,e67df235-9906-4000-83bf-a378ba7ba4b0,Dein Kontoeinblick fÃ¼r November 2022 / Instagram Business,e4e0e5ff-3d78-4d1d-adb7-167198641233,,Phishing/Spam,,,
61,email-view,2024-01-12T13:49:36.769Z,e67df235-9906-4000-83bf-a378ba7ba4b0,Dein Kontoeinblick fÃ¼r November 2022 / Instagram Business,d498b29e-4c24-4eaf-b076-5198795b0a38,,,,,
61,email-view,2024-01-12T13:49:41.205Z,22e3b053-fea6-46f2-8c0a-a7db008bbd58,Deutsche Social Media Reichweite Kaufen / Hallo von Fanheros,bdb9c714-9295-4635-acea-66a2016119ed,,,,,
61,email-moved,2024-01-12T13:49:44.223Z,22e3b053-fea6-46f2-8c0a-a7db008bbd58,Deutsche Social Media Reichweite Kaufen / Hallo von Fanheros,289ee16f-86ac-4809-8227-971dadb739f2,,No Phishing,,,
61,email-view,2024-01-12T13:49:45.659Z,7f360d53-e153-4a81-bc3f-931980ea82d6,Die Karte ist sofort einsetzbar und besitzt einen hohen Kreditrahmen / Barbara Kaiser,39f0eefc-3611-4cf2-be42-188707bbb1f9,,,,,
61,email-moved,2024-01-12T13:49:47.257Z,7f360d53-e153-4a81-bc3f-931980ea82d6,Die Karte ist sofort einsetzbar und besitzt einen hohen Kreditrahmen / Barbara Kaiser,7da920b0-bee4-4bfd-a5d4-3da14aa926c6,,Phishing/Spam,,,
61,email-view,2024-01-12T13:49:48.038Z,e86540aa-8aae-4f1e-b4bf-652ba06bd57b,Drei wichtige Vorteile des Budgetmanagements / Amazon Business,8e105acc-457c-4dff-b7ec-f967153245ce,,,,,
61,email-moved,2024-01-12T13:49:49.112Z,e86540aa-8aae-4f1e-b4bf-652ba06bd57b,Drei wichtige Vorteile des Budgetmanagements / Amazon Business,1566797f-c09a-41ae-9d3d-ed2677616da2,,Phishing/Spam,,,
61,email-view,2024-01-12T13:49:49.612Z,a61af59d-1860-424b-a276-c4cbe99a9ad9,Effektive Behandlung von HÃ¤morrhoiden in jedem Stadium / Gelarex,5e21d99a-0bbc-46f6-981b-821d92579060,,,,,
61,email-moved,2024-01-12T13:49:50.634Z,a61af59d-1860-424b-a276-c4cbe99a9ad9,Effektive Behandlung von HÃ¤morrhoiden in jedem Stadium / Gelarex,65a3ea43-d666-4f93-bdd7-0d2aea03eaf8,,No Phishing,,,
61,email-view,2024-01-12T13:49:51.226Z,465bb289-d84a-426e-964c-2d7ba0aa1a56,Ersteinzahlungsbonus +100 Freispiele / Freispiele,f184385a-97dd-4f66-9832-0ff53d8cc360,,,,,
61,email-moved,2024-01-12T13:49:52.511Z,465bb289-d84a-426e-964c-2d7ba0aa1a56,Ersteinzahlungsbonus +100 Freispiele / Freispiele,df6bb43e-b6f9-4b8f-abc7-af3b8faa8e73,,Phishing/Spam,,,
61,email-view,2024-01-12T13:49:53.130Z,1a2f11cb-71c3-435d-a196-d5e0f10afc40,"FÃ¼ge Personen hinzu, um beim GeschÃ¤ftseinkauf zusammenzuarbeiten / Amazon Business",023d3bc7-70b4-4b34-8b38-07b973757a8a,,,,,
61,email-moved,2024-01-12T13:49:54.552Z,1a2f11cb-71c3-435d-a196-d5e0f10afc40,"FÃ¼ge Personen hinzu, um beim GeschÃ¤ftseinkauf zusammenzuarbeiten / Amazon Business",31dd39cd-35ac-4a7f-a866-2e0c535b34cc,,Phishing/Spam,,,
61,email-view,2024-01-12T13:49:55.179Z,9cdbe8fa-9774-4d0b-9efc-919e085fcb96,GeschÃ¤ftsgeschenke leichter gemacht â€“ mit den Amazon Business Bestellbudgets / Amazon Business,b6e6ea7a-fccf-4937-8929-1f349e52d0ad,,,,,
61,email-moved,2024-01-12T13:49:56.468Z,9cdbe8fa-9774-4d0b-9efc-919e085fcb96,GeschÃ¤ftsgeschenke leichter gemacht â€“ mit den Amazon Business Bestellbudgets / Amazon Business,8a43390b-8aaa-481c-9a10-38d6ffd21e54,,Phishing/Spam,,,
61,email-view,2024-01-12T13:49:56.995Z,3784e01a-0f49-49c2-bed0-68f4fa21afe9,Gluconol â€“ Doppelschlag auf den Diabetes / Gluconol,30343d92-9e69-457f-9048-e90d12f10986,,,,,
61,email-moved,2024-01-12T13:49:59.281Z,3784e01a-0f49-49c2-bed0-68f4fa21afe9,Gluconol â€“ Doppelschlag auf den Diabetes / Gluconol,47823502-6d67-439d-a52b-967bca67dd3c,,No Phishing,,,
61,email-view,2024-01-12T13:49:59.908Z,c303d06c-9b5e-4dfc-84e2-dd4bdd2e9819,Google-BestÃ¤tigungscode / Google,6ea77536-ea60-4195-a4da-dfda704184a6,,,,,
61,email-moved,2024-01-12T13:50:03.822Z,c303d06c-9b5e-4dfc-84e2-dd4bdd2e9819,Google-BestÃ¤tigungscode / Google,62cd2c23-3d99-4868-8ea8-b4034e66b474,,Phishing/Spam,,,
61,email-view,2024-01-12T13:50:04.437Z,924b3caf-0ca8-41a8-8bb0-29c6a61611ef,GrÃ¼ÃŸe mein Lieber / Juliet Jonhson,c785623e-5374-4dc2-8388-281944639ffb,,,,,
61,email-moved,2024-01-12T13:50:06.122Z,924b3caf-0ca8-41a8-8bb0-29c6a61611ef,GrÃ¼ÃŸe mein Lieber / Juliet Jonhson,473ba313-7b31-4b2e-87cf-6d9378731694,,No Phishing,,,
61,email-view,2024-01-12T13:48:59.545Z,7e135194-c7f9-499f-a627-7fe6f79c19b9,Dein Video wurde erneut gepostet / Instagram,0b58983e-87fe-4e38-b0c4-17ab0b7ccebc,,,,,
61,email-moved,2024-01-12T13:49:00.682Z,7e135194-c7f9-499f-a627-7fe6f79c19b9,Dein Video wurde erneut gepostet / Instagram,fde3cbae-a3ad-40e4-a2bc-0285da88eb7f,,Phishing/Spam,,,
61,email-view,2024-01-12T13:49:39.131Z,7e135194-c7f9-499f-a627-7fe6f79c19b9,Dein Video wurde erneut gepostet / Instagram,2c2915f1-6b00-4653-8712-c088ab528e26,,,,,
61,email-view,2024-01-12T13:50:07.042Z,7e135194-c7f9-499f-a627-7fe6f79c19b9,Dein Video wurde erneut gepostet / Instagram,2ab14694-3473-4c16-90fd-cf8ac148973a,,,,,
61,email-view,2024-01-12T13:50:10.146Z,cd91937a-a5c5-4d0a-ad04-a1786e2bda6e,Hallo Lieber / elizabeth akah,fec5ba13-4384-496a-a0c6-d6b0b3ab58c8,,,,,
61,email-moved,2024-01-12T13:50:11.743Z,cd91937a-a5c5-4d0a-ad04-a1786e2bda6e,Hallo Lieber / elizabeth akah,45160b43-62ac-4646-ba8a-a378781ac07e,,Phishing/Spam,,,
61,email-view,2024-01-12T13:50:12.383Z,70fab7ec-1133-4ec9-824e-46e640d31302,Haltungskorrektur der Wirbelsaule / BSP Corrector,31f98e76-6702-4ae0-8b06-3af951b1d0b2,,,,,
61,email-moved,2024-01-12T13:50:13.548Z,70fab7ec-1133-4ec9-824e-46e640d31302,Haltungskorrektur der Wirbelsaule / BSP Corrector,a9688f6a-3058-4db5-a8e1-a5a3271e811a,,Phishing/Spam,,,
61,email-view,2024-01-12T13:50:14.815Z,36a0d54a-82df-49e9-ba96-3d0c3ca51e0c,"keine Antwort. / ",4eb1d0f9-ee04-4b1e-87ac-2e2584d1655f,,,,,
61,email-moved,2024-01-12T13:50:15.839Z,36a0d54a-82df-49e9-ba96-3d0c3ca51e0c,"keine Antwort. / ",c4fb92e1-2b99-49bf-b599-f69ede2cedd8,,Phishing/Spam,,,
61,email-view,2024-01-12T13:50:16.447Z,5eaf185f-bedf-4b33-a848-496244774a28,Levicose â€” nanotechnologien schÃ¼tzen die gesundheit und die schÃ¶nheit der venen / Levicose,57c2bc02-0506-4893-b5ef-cdd43c23b49a,,,,,
61,email-moved,2024-01-12T13:50:17.811Z,5eaf185f-bedf-4b33-a848-496244774a28,Levicose â€” nanotechnologien schÃ¼tzen die gesundheit und die schÃ¶nheit der venen / Levicose,2c54f2d3-cfe4-4844-85cb-067dd1b1d39c,,No Phishing,,,
61,email-view,2024-01-12T13:50:18.351Z,63304844-afaf-4a70-94bd-647e4e6db350,LGBT I NEED YOUR HELP / Aleksandr Kovalenko,361dbbe3-2275-4673-b9e3-b8cce7a7360f,,,,,
61,email-moved,2024-01-12T13:50:21.847Z,63304844-afaf-4a70-94bd-647e4e6db350,LGBT I NEED YOUR HELP / Aleksandr Kovalenko,c2802a95-e819-4372-94b5-5f569203c508,,Phishing/Spam,,,
61,email-view,2024-01-12T13:50:22.576Z,bdedbf9b-defc-4b2b-9037-c60eba8f9cae,NVIDIA Jetson Orin PCN PCN210341/PCN210361 / Silicon Highway LTD,089f84f7-9c27-4220-86ad-dc3906021384,,,,,
61,email-moved,2024-01-12T13:50:24.569Z,bdedbf9b-defc-4b2b-9037-c60eba8f9cae,NVIDIA Jetson Orin PCN PCN210341/PCN210361 / Silicon Highway LTD,537c1e95-1218-4c70-8677-13f8a2494c49,,No Phishing,,,
61,email-view,2024-01-12T13:50:25.233Z,fe226b62-cdc6-4d09-a379-df439c5e0380,Payment Due Reminder - RoboCup 2023 / RoboCup Federation,a9337716-c03a-4034-adce-6409973228cd,,,,,
61,email-moved,2024-01-12T13:50:26.540Z,fe226b62-cdc6-4d09-a379-df439c5e0380,Payment Due Reminder - RoboCup 2023 / RoboCup Federation,aa8b43e6-51d6-4686-9b69-8022993c5dd9,,No Phishing,,,
61,email-view,2024-01-12T13:50:27.117Z,403896bd-9011-4832-b990-a0efd84d76ef,Rabatte exklusiv fÃ¼r Unternehmen / Amazon Business,3c11dd62-5b46-48c4-ae5e-be6593360836,,,,,
61,email-moved,2024-01-12T13:50:30.428Z,403896bd-9011-4832-b990-a0efd84d76ef,Rabatte exklusiv fÃ¼r Unternehmen / Amazon Business,9b88cea8-08d4-48aa-b60a-43fc72d2fa39,,Phishing/Spam,,,
61,email-view,2024-01-12T13:50:31.204Z,017bd32d-4cc2-4e59-9a14-ccbd462b1845,RE / Charls,526ce7c5-7c2c-4589-a67a-97543a2a04f9,,,,,
61,email-moved,2024-01-12T13:50:32.870Z,017bd32d-4cc2-4e59-9a14-ccbd462b1845,RE / Charls,b694abca-b28a-48bd-b8b8-8fa4c501aede,,Phishing/Spam,,,
61,email-view,2024-01-12T13:50:36.457Z,de2d30f5-66f1-4c7e-8317-e48ed09ebc06,Rechnung RE2023785 vom 17.04.2023 / Internetagentur WAS,262f9e23-9b3b-4f02-a9cf-61655581f221,,,,,
61,email-moved,2024-01-12T13:50:40.218Z,de2d30f5-66f1-4c7e-8317-e48ed09ebc06,Rechnung RE2023785 vom 17.04.2023 / Internetagentur WAS,02732858-65e1-4474-9abc-fa6fc7735ecf,,Phishing/Spam,,,
61,email-view,2024-01-12T13:50:41.144Z,2e02935f-1400-4522-ac47-9ae89389d50a,"Reminder - internationale KI-Konferenz ""KI als Innovationsmotor fÃ¼r Europa"" am 24. November 2023 in Mainz / artificial-intelligence",c1d4f841-5712-4eab-9124-36b5807e1db9,,,,,
61,email-moved,2024-01-12T13:50:45.857Z,2e02935f-1400-4522-ac47-9ae89389d50a,"Reminder - internationale KI-Konferenz ""KI als Innovationsmotor fÃ¼r Europa"" am 24. November 2023 in Mainz / artificial-intelligence",edb7644f-60f7-42aa-b559-175939b9ddc5,,No Phishing,,,
61,email-view,2024-01-12T13:50:47.288Z,8bcabadb-82cc-41ad-9bfa-162996ef3888,unbedingt lesen. / Miles & More K artenService,fbd945d6-7024-4ed8-a203-d282ae0a218e,,,,,
61,email-moved,2024-01-12T13:50:49.974Z,8bcabadb-82cc-41ad-9bfa-162996ef3888,unbedingt lesen. / Miles & More K artenService,4e87e0bf-6038-48d4-9d29-a97a6860af35,,Phishing/Spam,,,
61,email-view,2024-01-12T13:50:50.661Z,9fdcf400-5371-4d34-8848-5dab4530b2f5,Urgent information: RoboCup 2023 / RoboCup Federation,1a781a15-c2b5-44ae-bb62-9479f60238e6,,,,,
61,email-moved,2024-01-12T13:50:52.261Z,9fdcf400-5371-4d34-8848-5dab4530b2f5,Urgent information: RoboCup 2023 / RoboCup Federation,f768ba0d-ef99-487d-8aa1-ea2a7799acd2,,Phishing/Spam,,,
61,email-view,2024-01-12T13:50:53.338Z,c37c8620-d959-4212-be9a-3725e96d73aa,Verlagere die Beschaffung mit Guided Buying / Amazon Business,36b514ae-49a3-45ae-b8b6-8b7614414e95,,,,,
61,email-moved,2024-01-12T13:50:57.146Z,c37c8620-d959-4212-be9a-3725e96d73aa,Verlagere die Beschaffung mit Guided Buying / Amazon Business,c94ee231-4f98-47e2-a760-d88996164736,,Phishing/Spam,,,
61,finished,2024-01-12T13:51:00.039Z,,,,,,,,
61,end-link-clicked,2024-01-12T13:51:05.166Z,,,,,,,,
24,created,2024-01-11T15:09:42.744Z,,,,,,,,
24,code-used,2024-01-12T14:11:02.481Z,,,,,,,,
24,started,2024-01-12T14:11:52.713Z,,,,,,,,
24,email-view,2024-01-12T14:11:54.400Z,6d747b0c-db25-422e-bf8a-b086598fa8b5,â€žHÃ¶hle der LÃ¶wenâ€œ System macht Deutsche BÃ¼rger reich! / â€žHÃ¶hle der LÃ¶wenâ€œ,2fdbac52-cc2f-42fb-ac0c-9875f1edf32f,,,,,
24,email-moved,2024-01-12T14:12:16.695Z,6d747b0c-db25-422e-bf8a-b086598fa8b5,â€žHÃ¶hle der LÃ¶wenâ€œ System macht Deutsche BÃ¼rger reich! / â€žHÃ¶hle der LÃ¶wenâ€œ,b7aec1df-842a-4eaa-b33b-60ea3a4da693,,Phishing/Spam,,,
24,email-view,2024-01-12T14:12:18.705Z,51279cbd-f540-43e7-9cb9-141bce70bf3a,[Invitation] 2024 Event / Elementor,114c73fc-bd65-4c7a-839c-1d5ef9d7e3c3,,,,,
24,email-moved,2024-01-12T14:12:31.049Z,51279cbd-f540-43e7-9cb9-141bce70bf3a,[Invitation] 2024 Event / Elementor,70fe15cb-903a-4a5f-a5d3-77437c0df1b3,,No Phishing,,,
24,email-view,2024-01-12T14:12:33.916Z,7151dfb6-230d-4b42-98b9-97a718729be0,[Release] AI-Powered Container Creation / Elementor,9d5ff8cd-ed1a-433f-8369-b9357c6380cf,,,,,
24,email-scrolled,2024-01-12T14:12:43.005Z,7151dfb6-230d-4b42-98b9-97a718729be0,[Release] AI-Powered Container Creation / Elementor,c5b26668-8dba-4d25-a4eb-bb3baefc9fc9,,,0.3080513418903151,,
24,email-scrolled,2024-01-12T14:12:45.832Z,7151dfb6-230d-4b42-98b9-97a718729be0,[Release] AI-Powered Container Creation / Elementor,aeafe5e5-2ed8-4c62-bfcf-1a86e723aa62,,,0,,
24,email-moved,2024-01-12T14:12:49.250Z,7151dfb6-230d-4b42-98b9-97a718729be0,[Release] AI-Powered Container Creation / Elementor,a2c273c9-a4ab-4f34-b1cf-e44c86bf4fd6,,No Phishing,,,
24,email-view,2024-01-12T14:12:50.555Z,1c8c0658-e07c-4e75-b937-ed63eacd931d,"ðŸŽ„ Merry Christmas, plus a service deadline announcement ðŸŒ² / Felix from AISLER",63c0cca5-8241-40b3-b609-56851140bec8,,,,,
24,email-moved,2024-01-12T14:13:17.146Z,1c8c0658-e07c-4e75-b937-ed63eacd931d,"ðŸŽ„ Merry Christmas, plus a service deadline announcement ðŸŒ² / Felix from AISLER",cbaa3173-c080-4dbe-b43c-7b7188aa8197,,No Phishing,,,
24,email-view,2024-01-12T14:13:18.140Z,dd1b298b-e9bb-4671-a3f2-a31c38eb5c22,A Dramatic Leap in Performance / Elementor,b44d0a8c-4982-4778-a775-28c92de1a838,,,,,
24,email-scrolled,2024-01-12T14:13:20.547Z,dd1b298b-e9bb-4671-a3f2-a31c38eb5c22,A Dramatic Leap in Performance / Elementor,5decf81c-63c4-42f5-9031-5cc0ae49343d,,,1,,
24,email-scrolled,2024-01-12T14:13:21.815Z,dd1b298b-e9bb-4671-a3f2-a31c38eb5c22,A Dramatic Leap in Performance / Elementor,4b6a15c2-21ff-439c-ae6f-1396c274e742,,,0,,
24,email-moved,2024-01-12T14:13:23.193Z,dd1b298b-e9bb-4671-a3f2-a31c38eb5c22,A Dramatic Leap in Performance / Elementor,ec576724-f678-4ddd-8117-ade75ea708c4,,No Phishing,,,
24,email-view,2024-01-12T14:13:24.520Z,e1badf4b-6013-4840-a14e-50df8b96d59b,Access to the mzh-team-luhbots group was granted | ProjGIT / Projekt GitLab,8d1f695c-7b50-43a2-961d-74fe650e199a,,,,,
24,email-moved,2024-01-12T14:13:37.769Z,e1badf4b-6013-4840-a14e-50df8b96d59b,Access to the mzh-team-luhbots group was granted | ProjGIT / Projekt GitLab,6069da30-6335-406e-aefd-b13df9896b73,,No Phishing,,,
24,email-view,2024-01-12T14:13:38.747Z,725412e9-b72f-4498-a7ba-efe8b198b1cc,"Besonderes Highlight: TischfuÃŸballtisch fÃ¼r nur 399,- statt 1199,- / Sport und Spiel",433fe193-90b5-4050-a55f-00c17ef2ba89,,,,,
24,email-scrolled,2024-01-12T14:13:50.623Z,725412e9-b72f-4498-a7ba-efe8b198b1cc,"Besonderes Highlight: TischfuÃŸballtisch fÃ¼r nur 399,- statt 1199,- / Sport und Spiel",07e7af09-c3d0-4695-9b03-24fd4f5a5f42,,,0.5533302282254309,,
24,email-scrolled,2024-01-12T14:13:52.632Z,725412e9-b72f-4498-a7ba-efe8b198b1cc,"Besonderes Highlight: TischfuÃŸballtisch fÃ¼r nur 399,- statt 1199,- / Sport und Spiel",96eb31cd-4396-465a-a841-a0e9d285e243,,,0.584070796460177,,
24,email-scrolled,2024-01-12T14:13:56.724Z,725412e9-b72f-4498-a7ba-efe8b198b1cc,"Besonderes Highlight: TischfuÃŸballtisch fÃ¼r nur 399,- statt 1199,- / Sport und Spiel",fa4ee47a-f899-435e-8dd6-96eeb6127cf9,,,0.6148113646949231,,
24,email-scrolled,2024-01-12T14:13:59.095Z,725412e9-b72f-4498-a7ba-efe8b198b1cc,"Besonderes Highlight: TischfuÃŸballtisch fÃ¼r nur 399,- statt 1199,- / Sport und Spiel",a02a385a-9a91-4685-a079-8ade2b04526e,,,0.584070796460177,,
24,email-scrolled,2024-01-12T14:14:03.767Z,725412e9-b72f-4498-a7ba-efe8b198b1cc,"Besonderes Highlight: TischfuÃŸballtisch fÃ¼r nur 399,- statt 1199,- / Sport und Spiel",f5383ffe-d6ea-4d74-aa01-16411419b6be,,,0,,
24,email-moved,2024-01-12T14:14:06.473Z,725412e9-b72f-4498-a7ba-efe8b198b1cc,"Besonderes Highlight: TischfuÃŸballtisch fÃ¼r nur 399,- statt 1199,- / Sport und Spiel",707960fc-6f66-4924-9186-c8f67ebff8a2,,Phishing/Spam,,,
24,email-view,2024-01-12T14:14:07.337Z,71a4f455-3f0a-4e98-b764-4ab7787fb800,BITTE ES IST DRINGEND / Didelet Andy,b877cee1-5a78-4097-9926-7a3709ea9263,,,,,
24,email-moved,2024-01-12T14:14:14.006Z,71a4f455-3f0a-4e98-b764-4ab7787fb800,BITTE ES IST DRINGEND / Didelet Andy,af1281a4-c104-4e37-acdd-a2e141ae1b3a,,Phishing/Spam,,,
24,email-view,2024-01-12T14:14:15.213Z,f5e5ebfd-6d0c-4c3b-b69a-075bc600b34c,Bitte Reagieren! / DKBOnline,83d1ce7f-ba0f-4d7f-993b-de3cb9056b4f,,,,,
24,email-moved,2024-01-12T14:14:18.020Z,f5e5ebfd-6d0c-4c3b-b69a-075bc600b34c,Bitte Reagieren! / DKBOnline,2e5d8339-eac8-44d7-8b93-d54edfc09953,,Phishing/Spam,,,
24,email-view,2024-01-12T14:14:19.560Z,c98a4fc5-ea1a-45f9-a747-7a69d61e87bf,"Dank der Karte, die einen hohen Kreditrahmen besitzt, haben Sie keine Geldsorgen mehr - freundliche Empfehlung von Manfred / Hermann Kerner",bd178ca2-b535-4720-9ef2-b11e5de29161,,,,,
24,email-moved,2024-01-12T14:14:24.677Z,c98a4fc5-ea1a-45f9-a747-7a69d61e87bf,"Dank der Karte, die einen hohen Kreditrahmen besitzt, haben Sie keine Geldsorgen mehr - freundliche Empfehlung von Manfred / Hermann Kerner",ab762df2-0b9d-41e6-8609-2c59f8fd8400,,Phishing/Spam,,,
24,email-view,2024-01-12T14:14:25.677Z,c0500e63-932a-49d6-a643-fe544f04293f,Dating fÃ¼r Sex zu Weihnachten in Deutschland / Dating in Deutschland,d08097fb-5a35-49e5-892c-476b648b9c50,,,,,
24,email-moved,2024-01-12T14:14:30.840Z,c0500e63-932a-49d6-a643-fe544f04293f,Dating fÃ¼r Sex zu Weihnachten in Deutschland / Dating in Deutschland,060a8f6d-cbf6-49f3-8651-7a9a9aadf897,,Phishing/Spam,,,
24,email-view,2024-01-12T14:14:32.092Z,e67df235-9906-4000-83bf-a378ba7ba4b0,Dein Kontoeinblick fÃ¼r November 2022 / Instagram Business,60740320-b769-4594-8645-36c757ee853e,,,,,
24,email-moved,2024-01-12T14:14:51.819Z,e67df235-9906-4000-83bf-a378ba7ba4b0,Dein Kontoeinblick fÃ¼r November 2022 / Instagram Business,a41904ec-ccf9-45f5-8255-3b3c1eb3de5e,,No Phishing,,,
24,email-view,2024-01-12T14:14:53.177Z,7e135194-c7f9-499f-a627-7fe6f79c19b9,Dein Video wurde erneut gepostet / Instagram,2092869e-2228-47a9-996a-dc520c3c595a,,,,,
24,email-moved,2024-01-12T14:15:14.312Z,7e135194-c7f9-499f-a627-7fe6f79c19b9,Dein Video wurde erneut gepostet / Instagram,ac270c05-5080-460d-99df-7bd231626ff1,,No Phishing,,,
24,email-view,2024-01-12T14:15:15.547Z,5926e967-0d95-4666-8611-fd86e2029163,"Der einfachste Weg, um Strom zu sparen / E-Energy",b7a68d81-9578-4bfc-965d-ecbabb0ca15a,,,,,
24,email-moved,2024-01-12T14:15:18.188Z,5926e967-0d95-4666-8611-fd86e2029163,"Der einfachste Weg, um Strom zu sparen / E-Energy",480fd964-3c60-4640-9e92-fe88cb15b78e,,Phishing/Spam,,,
24,email-view,2024-01-12T14:15:19.377Z,82ec5ecf-c04e-4bc0-b329-4979066130de,Der Gewinn kann in wenigen Monaten um das 10-fache gesteigert werden... / BTC Profit,f4a94874-744e-46d3-88a1-e0afea770add,,,,,
24,email-details-view,2024-01-12T14:15:29.816Z,82ec5ecf-c04e-4bc0-b329-4979066130de,Der Gewinn kann in wenigen Monaten um das 10-fache gesteigert werden... / BTC Profit,097ebebf-6d67-4e41-8d24-baed64e02623,,,,,
24,email-link-hover,2024-01-12T14:15:44.363Z,82ec5ecf-c04e-4bc0-b329-4979066130de,Der Gewinn kann in wenigen Monaten um das 10-fache gesteigert werden... / BTC Profit,c49482a5-576a-484b-9de1-30d76462ee69,,,,https://host.mastersione.de/instiders2/,
24,email-moved,2024-01-12T14:15:48.342Z,82ec5ecf-c04e-4bc0-b329-4979066130de,Der Gewinn kann in wenigen Monaten um das 10-fache gesteigert werden... / BTC Profit,ab45137d-e909-4832-ad29-507e35c8fe63,,Phishing/Spam,,,
24,email-view,2024-01-12T14:15:49.360Z,4d7dd618-1aeb-4b99-ae4b-09f7aae40552,"Hondrox â€” ist das erste Mittel mit Teufelskrallenextrakte, Arnika fÃ¼r die Wiederherstellung der Knorpel in den Gelenken / Hondrox",192c8855-abbe-4038-bf5f-c26bb51e3633,,,,,
24,email-moved,2024-01-12T14:15:53.074Z,4d7dd618-1aeb-4b99-ae4b-09f7aae40552,"Hondrox â€” ist das erste Mittel mit Teufelskrallenextrakte, Arnika fÃ¼r die Wiederherstellung der Knorpel in den Gelenken / Hondrox",6f4aba52-607f-4984-be0a-178203088cf4,,Phishing/Spam,,,
24,email-view,2024-01-12T14:15:54.785Z,885cbb50-10cd-412d-9bef-c0cc806677de,Ihr sofort genehmigter Kredit ist Ihr 3-faches monatliches Einkommen oder monatlicher Bruttoumsatz auf unserer Karte / Bernhard Eheim,5d7b59c8-49fd-40b5-92cd-fb7b67cb9932,,,,,
24,email-moved,2024-01-12T14:15:59.794Z,885cbb50-10cd-412d-9bef-c0cc806677de,Ihr sofort genehmigter Kredit ist Ihr 3-faches monatliches Einkommen oder monatlicher Bruttoumsatz auf unserer Karte / Bernhard Eheim,9efde583-bdbc-439d-8512-385747867ec5,,Phishing/Spam,,,
24,email-view,2024-01-12T14:16:01.218Z,6be04247-3771-461e-a72f-05e777d93974,Derzeit offene Rechnungen / Internetagentur WAS,b6282052-9dc3-4036-95ee-d28f2f62a277,,,,,
24,email-view,2024-01-12T14:16:09.146Z,6be04247-3771-461e-a72f-05e777d93974,Derzeit offene Rechnungen / Internetagentur WAS,95bd258b-b215-479b-8d57-ea2a54c41f2c,,,,,
24,email-moved,2024-01-12T14:16:22.993Z,6be04247-3771-461e-a72f-05e777d93974,Derzeit offene Rechnungen / Internetagentur WAS,a16f63e0-74a9-40de-b0f2-33c811392635,,No Phishing,,,
24,email-view,2024-01-12T14:16:23.953Z,dbdec964-2699-4009-b883-ab251078f66b,Deutsche Instagram Follower Kaufen / Hallo von Followermonster,f16880fa-6dbf-4f18-9596-acfc1d38b167,,,,,
24,email-moved,2024-01-12T14:16:30.721Z,dbdec964-2699-4009-b883-ab251078f66b,Deutsche Instagram Follower Kaufen / Hallo von Followermonster,70a8f128-205d-4b50-8d95-73858a1dea87,,Phishing/Spam,,,
24,email-view,2024-01-12T14:16:31.657Z,22e3b053-fea6-46f2-8c0a-a7db008bbd58,Deutsche Social Media Reichweite Kaufen / Hallo von Fanheros,e21410e8-cc5c-40bb-80df-f88e0ebc75c1,,,,,
24,email-moved,2024-01-12T14:16:35.654Z,22e3b053-fea6-46f2-8c0a-a7db008bbd58,Deutsche Social Media Reichweite Kaufen / Hallo von Fanheros,0b7183eb-4da8-4005-886f-4672bf28df36,,Phishing/Spam,,,
24,email-view,2024-01-12T14:16:36.973Z,7f360d53-e153-4a81-bc3f-931980ea82d6,Die Karte ist sofort einsetzbar und besitzt einen hohen Kreditrahmen / Barbara Kaiser,37bd7df6-619f-4e18-b691-6e1a0ac4bff6,,,,,
24,email-moved,2024-01-12T14:16:39.601Z,7f360d53-e153-4a81-bc3f-931980ea82d6,Die Karte ist sofort einsetzbar und besitzt einen hohen Kreditrahmen / Barbara Kaiser,b2cdc2c8-3686-4be8-8026-01cc70895e91,,Phishing/Spam,,,
24,email-view,2024-01-12T14:16:40.493Z,e86540aa-8aae-4f1e-b4bf-652ba06bd57b,Drei wichtige Vorteile des Budgetmanagements / Amazon Business,f42a44ec-d063-440a-b61f-4d83b6d63702,,,,,
24,email-view,2024-01-12T14:16:47.460Z,e86540aa-8aae-4f1e-b4bf-652ba06bd57b,Drei wichtige Vorteile des Budgetmanagements / Amazon Business,8ec77862-3b7a-441f-a72f-63ce9c9a1ca5,,,,,
24,email-moved,2024-01-12T14:16:54.704Z,e86540aa-8aae-4f1e-b4bf-652ba06bd57b,Drei wichtige Vorteile des Budgetmanagements / Amazon Business,f856333c-3598-4d99-bed5-0155fc884f29,,Phishing/Spam,,,
24,email-view,2024-01-12T14:16:55.602Z,a61af59d-1860-424b-a276-c4cbe99a9ad9,Effektive Behandlung von HÃ¤morrhoiden in jedem Stadium / Gelarex,5d5eab6d-898f-4a14-b4d4-985042dd4b3b,,,,,
24,email-moved,2024-01-12T14:17:00.598Z,a61af59d-1860-424b-a276-c4cbe99a9ad9,Effektive Behandlung von HÃ¤morrhoiden in jedem Stadium / Gelarex,631d252f-0ea1-4d80-912f-88cf77c5ce1c,,Phishing/Spam,,,
24,email-view,2024-01-12T14:17:01.708Z,465bb289-d84a-426e-964c-2d7ba0aa1a56,Ersteinzahlungsbonus +100 Freispiele / Freispiele,1c828ae2-a7f0-4150-80a4-6a77d55f0be1,,,,,
24,email-moved,2024-01-12T14:17:03.804Z,465bb289-d84a-426e-964c-2d7ba0aa1a56,Ersteinzahlungsbonus +100 Freispiele / Freispiele,53d93277-2161-462e-a4da-e022f9e08e6e,,Phishing/Spam,,,
24,email-view,2024-01-12T14:17:04.765Z,1a2f11cb-71c3-435d-a196-d5e0f10afc40,"FÃ¼ge Personen hinzu, um beim GeschÃ¤ftseinkauf zusammenzuarbeiten / Amazon Business",0d861f8a-1527-4ae2-b277-83af2f09d839,,,,,
24,email-moved,2024-01-12T14:17:18.034Z,1a2f11cb-71c3-435d-a196-d5e0f10afc40,"FÃ¼ge Personen hinzu, um beim GeschÃ¤ftseinkauf zusammenzuarbeiten / Amazon Business",b2ced8f3-231c-4d7d-8d96-dfeed3d66b5c,,No Phishing,,,
24,email-view,2024-01-12T14:17:18.821Z,9cdbe8fa-9774-4d0b-9efc-919e085fcb96,GeschÃ¤ftsgeschenke leichter gemacht â€“ mit den Amazon Business Bestellbudgets / Amazon Business,721726c6-9673-4004-aae0-4de4506d3c15,,,,,
24,email-moved,2024-01-12T14:17:24.505Z,9cdbe8fa-9774-4d0b-9efc-919e085fcb96,GeschÃ¤ftsgeschenke leichter gemacht â€“ mit den Amazon Business Bestellbudgets / Amazon Business,10445aeb-0b87-49ca-889d-ee34a7611794,,No Phishing,,,
24,email-view,2024-01-12T14:17:25.399Z,3784e01a-0f49-49c2-bed0-68f4fa21afe9,Gluconol â€“ Doppelschlag auf den Diabetes / Gluconol,33448158-30fb-44c0-bb67-48d5834fa02b,,,,,
24,email-moved,2024-01-12T14:17:27.617Z,3784e01a-0f49-49c2-bed0-68f4fa21afe9,Gluconol â€“ Doppelschlag auf den Diabetes / Gluconol,1de81067-6de0-453c-b03c-da7aeaf57f1a,,Phishing/Spam,,,
24,email-view,2024-01-12T14:17:28.329Z,c303d06c-9b5e-4dfc-84e2-dd4bdd2e9819,Google-BestÃ¤tigungscode / Google,d8cb3dca-c2bf-4f39-906b-99674aabb45b,,,,,
24,email-moved,2024-01-12T14:17:43.168Z,c303d06c-9b5e-4dfc-84e2-dd4bdd2e9819,Google-BestÃ¤tigungscode / Google,5152e8c9-fe27-4342-8631-7cc6b7a0ad5a,,No Phishing,,,
24,email-view,2024-01-12T14:17:43.970Z,924b3caf-0ca8-41a8-8bb0-29c6a61611ef,GrÃ¼ÃŸe mein Lieber / Juliet Jonhson,531b31d7-3928-49ed-b714-cc1523a3c1fb,,,,,
24,email-moved,2024-01-12T14:17:49.831Z,924b3caf-0ca8-41a8-8bb0-29c6a61611ef,GrÃ¼ÃŸe mein Lieber / Juliet Jonhson,635644fc-0696-4387-af40-90327e190c2a,,Phishing/Spam,,,
24,email-view,2024-01-12T14:17:50.645Z,cd91937a-a5c5-4d0a-ad04-a1786e2bda6e,Hallo Lieber / elizabeth akah,6134f165-10a1-4d87-83ac-83356f6ed393,,,,,
24,email-moved,2024-01-12T14:17:59.662Z,cd91937a-a5c5-4d0a-ad04-a1786e2bda6e,Hallo Lieber / elizabeth akah,313efeaa-4d9b-440b-8aaa-ee05dc529cf0,,Phishing/Spam,,,
24,email-view,2024-01-12T14:18:00.930Z,70fab7ec-1133-4ec9-824e-46e640d31302,Haltungskorrektur der Wirbelsaule / BSP Corrector,2c06b5bb-ba87-40a5-8513-e717a2ad51b1,,,,,
24,email-moved,2024-01-12T14:18:04.678Z,70fab7ec-1133-4ec9-824e-46e640d31302,Haltungskorrektur der Wirbelsaule / BSP Corrector,e62b4e08-fc12-4805-8241-dc1bdb5cfdd4,,Phishing/Spam,,,
24,email-view,2024-01-12T14:18:06.047Z,36a0d54a-82df-49e9-ba96-3d0c3ca51e0c,"keine Antwort. / ",b510080e-f397-43cb-8e36-bbcaf58827d5,,,,,
24,email-moved,2024-01-12T14:18:14.591Z,36a0d54a-82df-49e9-ba96-3d0c3ca51e0c,"keine Antwort. / ",f5373b1d-d8fd-4980-9bfa-f8e02f6f9711,,Phishing/Spam,,,
24,email-view,2024-01-12T14:18:15.626Z,5eaf185f-bedf-4b33-a848-496244774a28,Levicose â€” nanotechnologien schÃ¼tzen die gesundheit und die schÃ¶nheit der venen / Levicose,a1d55bf7-3dda-4c98-b195-fd6676624cfa,,,,,
24,email-moved,2024-01-12T14:18:17.348Z,5eaf185f-bedf-4b33-a848-496244774a28,Levicose â€” nanotechnologien schÃ¼tzen die gesundheit und die schÃ¶nheit der venen / Levicose,77ea23c0-7992-4854-839e-bb1a49fefe67,,Phishing/Spam,,,
24,email-view,2024-01-12T14:18:18.093Z,63304844-afaf-4a70-94bd-647e4e6db350,LGBT I NEED YOUR HELP / Aleksandr Kovalenko,dfa2d742-456d-438a-a7b9-41317b3c041a,,,,,
24,email-moved,2024-01-12T14:18:21.811Z,63304844-afaf-4a70-94bd-647e4e6db350,LGBT I NEED YOUR HELP / Aleksandr Kovalenko,abeec11f-7146-4d6e-94be-6abbb67d251b,,Phishing/Spam,,,
24,email-view,2024-01-12T14:18:22.572Z,bdedbf9b-defc-4b2b-9037-c60eba8f9cae,NVIDIA Jetson Orin PCN PCN210341/PCN210361 / Silicon Highway LTD,d6bc2dd4-b7f4-4abd-a3ae-9f73bfd88006,,,,,
24,email-moved,2024-01-12T14:18:25.652Z,bdedbf9b-defc-4b2b-9037-c60eba8f9cae,NVIDIA Jetson Orin PCN PCN210341/PCN210361 / Silicon Highway LTD,ab9947f6-09c7-44cb-8ade-796a4f4a58f6,,Phishing/Spam,,,
24,email-view,2024-01-12T14:18:26.630Z,fe226b62-cdc6-4d09-a379-df439c5e0380,Payment Due Reminder - RoboCup 2023 / RoboCup Federation,462c62be-4c43-4842-8e77-4876f8287198,,,,,
24,email-scrolled,2024-01-12T14:18:34.348Z,fe226b62-cdc6-4d09-a379-df439c5e0380,Payment Due Reminder - RoboCup 2023 / RoboCup Federation,005d0f65-789a-4666-9d75-57b3966c7dd4,,,1,,
24,email-scrolled,2024-01-12T14:18:36.411Z,fe226b62-cdc6-4d09-a379-df439c5e0380,Payment Due Reminder - RoboCup 2023 / RoboCup Federation,8005d4f9-8181-409d-a488-e9ad70bd9e9e,,,0,,
24,email-moved,2024-01-12T14:18:37.350Z,fe226b62-cdc6-4d09-a379-df439c5e0380,Payment Due Reminder - RoboCup 2023 / RoboCup Federation,e0c67c8a-0551-4981-94ab-bf5724b7a30b,,No Phishing,,,
24,email-view,2024-01-12T14:18:38.208Z,403896bd-9011-4832-b990-a0efd84d76ef,Rabatte exklusiv fÃ¼r Unternehmen / Amazon Business,1c9d012e-a494-411c-8af4-198494c9cc14,,,,,
24,email-moved,2024-01-12T14:18:50.814Z,403896bd-9011-4832-b990-a0efd84d76ef,Rabatte exklusiv fÃ¼r Unternehmen / Amazon Business,ab6fef8a-6e20-452d-84b8-d96aba0701c4,,No Phishing,,,
24,email-view,2024-01-12T14:18:51.648Z,017bd32d-4cc2-4e59-9a14-ccbd462b1845,RE / Charls,78bb3817-7e86-40e4-8968-b86b73b455bd,,,,,
24,email-moved,2024-01-12T14:18:53.805Z,017bd32d-4cc2-4e59-9a14-ccbd462b1845,RE / Charls,33707bcf-bb7d-4017-8c2c-a59f17235dd0,,Phishing/Spam,,,
24,email-view,2024-01-12T14:18:54.649Z,de2d30f5-66f1-4c7e-8317-e48ed09ebc06,Rechnung RE2023785 vom 17.04.2023 / Internetagentur WAS,7b034372-5be5-4cf1-805c-d33f3115e3df,,,,,
24,email-moved,2024-01-12T14:19:09.774Z,de2d30f5-66f1-4c7e-8317-e48ed09ebc06,Rechnung RE2023785 vom 17.04.2023 / Internetagentur WAS,8a549caf-c734-425c-ae6f-5fe892944609,,No Phishing,,,
24,email-view,2024-01-12T14:19:10.662Z,2e02935f-1400-4522-ac47-9ae89389d50a,"Reminder - internationale KI-Konferenz ""KI als Innovationsmotor fÃ¼r Europa"" am 24. November 2023 in Mainz / artificial-intelligence",758ed18b-fc3d-416e-98dd-ec4a7ef92649,,,,,
24,email-moved,2024-01-12T14:19:19.894Z,2e02935f-1400-4522-ac47-9ae89389d50a,"Reminder - internationale KI-Konferenz ""KI als Innovationsmotor fÃ¼r Europa"" am 24. November 2023 in Mainz / artificial-intelligence",da6b7f3c-e099-4509-88c7-761284796082,,No Phishing,,,
24,email-view,2024-01-12T14:19:21.133Z,8bcabadb-82cc-41ad-9bfa-162996ef3888,unbedingt lesen. / Miles & More K artenService,bdd3e757-66fa-4c81-b9b0-cbe5404eb2f5,,,,,
24,email-moved,2024-01-12T14:19:28.724Z,8bcabadb-82cc-41ad-9bfa-162996ef3888,unbedingt lesen. / Miles & More K artenService,0764d77b-b937-4a41-902a-ad47deddee9d,,Phishing/Spam,,,
24,email-view,2024-01-12T14:19:29.458Z,9fdcf400-5371-4d34-8848-5dab4530b2f5,Urgent information: RoboCup 2023 / RoboCup Federation,7714856e-aba0-4476-9e00-f06b8665b5cf,,,,,
24,email-moved,2024-01-12T14:19:36.801Z,9fdcf400-5371-4d34-8848-5dab4530b2f5,Urgent information: RoboCup 2023 / RoboCup Federation,7a1ca738-06d0-4cf3-97d5-18b911583972,,No Phishing,,,
24,email-view,2024-01-12T14:19:37.812Z,c37c8620-d959-4212-be9a-3725e96d73aa,Verlagere die Beschaffung mit Guided Buying / Amazon Business,b2716704-d9f9-41da-afee-66db7abd7015,,,,,
24,email-scrolled,2024-01-12T14:19:40.886Z,c37c8620-d959-4212-be9a-3725e96d73aa,Verlagere die Beschaffung mit Guided Buying / Amazon Business,f2327bbd-4f81-42c7-927f-ba0f02db57c5,,,1,,
24,email-scrolled,2024-01-12T14:19:44.738Z,c37c8620-d959-4212-be9a-3725e96d73aa,Verlagere die Beschaffung mit Guided Buying / Amazon Business,0c21e2b5-0dac-4556-b9cc-a4a44c1c0daa,,,1,,
24,email-link-hover,2024-01-12T14:19:44.990Z,c37c8620-d959-4212-be9a-3725e96d73aa,Verlagere die Beschaffung mit Guided Buying / Amazon Business,e1941895-06ae-4255-ae54-ae4d6fb0b001,,,,https://www.amazonbusiness.eu/e/317391/8A-ref-b2b-reg-e-de-purchemail/k3961b/3505973366?h=So-7V77b9VfKnRdrAwdQt3lDtt9zHKFLkWNuj5gB5sA,Impressum
24,email-link-click,2024-01-12T14:19:46.380Z,c37c8620-d959-4212-be9a-3725e96d73aa,Verlagere die Beschaffung mit Guided Buying / Amazon Business,13e772b1-cba2-4e0f-a280-20011175384a,,,,https://www.amazonbusiness.eu/e/317391/8A-ref-b2b-reg-e-de-purchemail/k3961b/3505973366?h=So-7V77b9VfKnRdrAwdQt3lDtt9zHKFLkWNuj5gB5sA,Impressum
24,email-moved,2024-01-12T14:19:50.834Z,c37c8620-d959-4212-be9a-3725e96d73aa,Verlagere die Beschaffung mit Guided Buying / Amazon Business,6ce16acc-3e8a-4796-9b39-aeb769fcb9b2,,No Phishing,,,
24,finished,2024-01-12T14:19:54.848Z,,,,,,,,
24,end-link-clicked,2024-01-12T14:19:58.395Z,,,,,,,,
84,created,2024-01-11T15:09:42.711Z,,,,,,,,
87,created,2024-01-11T15:09:42.760Z,,,,,,,,
18,created,2024-01-11T15:09:42.729Z,,,,,,,,
83,created,2024-01-11T15:09:42.751Z,,,,,,,,
63,created,2024-01-11T15:09:42.757Z,,,,,,,,